,price,return,log_return
2014-07-03 ,90.46,,
2014-07-07 ,90.01,-0.0049745744,-0.0049869888
2014-07-08 ,89.34,-0.0074436174,-0.0074714593
2014-07-09 ,91.15,0.0202596821,0.0200571852
2014-07-10 ,89.4,-0.0191991223,-0.0193858189
2014-07-11 ,88.56,-0.0093959732,-0.0094403938
2014-07-14 ,86.74,-0.0205510388,-0.02076515
2014-07-15 ,81.255,-0.063234955,-0.0653227806
2014-07-16 ,80.25,-0.0123684696,-0.0124455958
2014-07-17 ,83.41,0.039376947,0.0386214442
2014-07-18 ,82.25,-0.0139072054,-0.0140048166
2014-07-21 ,82.89,0.007781155,0.007751038
2014-07-22 ,83.01,0.0014477018,0.0014466549
2014-07-23 ,81.913,-0.0132152753,-0.013303374
2014-07-24 ,82.06,0.0017945869,0.0017929786
2014-07-25 ,82.53,0.0057275165,0.0057111766
2014-07-28 ,81.26,-0.0153883436,-0.015507973
2014-07-29 ,83.8,0.0312576914,0.0307791169
2014-07-30 ,82.81,-0.0118138425,-0.0118841804
2014-07-31 ,82.05,-0.0091776356,-0.0092200095
2014-08-01 ,81.2,-0.0103595369,-0.0104135704
2014-08-04 ,76.5,-0.0578817734,-0.0596245063
2014-08-05 ,78.81,0.0301960784,0.0297491515
2014-08-06 ,79.37,0.0071056972,0.0070805707
2014-08-07 ,80.379,0.0127126118,0.0126324849
2014-08-08 ,79.6,-0.0096915861,-0.0097388552
2014-08-11 ,80.15,0.0069095477,0.0068857862
2014-08-12 ,79.59,-0.0069868996,-0.0070114222
2014-08-13 ,77.85,-0.021862043,-0.0221045585
2014-08-14 ,78.47,0.0079640334,0.0079324879
2014-08-15 ,78.125,-0.0043965847,-0.0044062781
2014-08-18 ,78.75,0.008,0.0079681696
2014-08-19 ,79.73,0.0124444444,0.0123676488
2014-08-20 ,81.11,0.0173084159,0.0171603316
2014-08-21 ,81.89,0.0096165701,0.0095706252
2014-08-22 ,82.025,0.0016485529,0.0016471956
2014-08-25 ,82.19,0.0020115818,0.0020095613
2014-08-26 ,82.4,0.0025550554,0.0025517968
2014-08-27 ,82.2,-0.0024271845,-0.0024301349
2014-08-28 ,81.14,-0.0128953771,-0.0129792443
2014-08-29 ,80.65,-0.006038945,-0.0060572532
2014-09-02 ,81.059,0.0050712957,0.00505848
2014-09-03 ,78.93,-0.0262648195,-0.0266159009
2014-09-04 ,80.41,0.0187507918,0.0185771628
2014-09-05 ,76.3,-0.0511130456,-0.0524656083
2014-09-08 ,75.605,-0.0091087811,-0.0091505197
2014-09-09 ,76.69,0.0143509027,0.0142489032
2014-09-10 ,75.59,-0.0143434607,-0.0144473225
2014-09-11 ,75.84,0.0033073158,0.0033018586
2014-09-12 ,76.04,0.0026371308,0.0026336597
2014-09-15 ,76.67,0.0082851131,0.00825098
2014-09-16 ,76.19,-0.0062605974,-0.0062802771
2014-09-17 ,76.4,0.0027562672,0.0027524757
2014-09-18 ,76.65,0.0032722513,0.0032669091
2014-09-19 ,76.63,-0.0002609263,-0.0002609603
2014-09-22 ,75.72,-0.0118752447,-0.0119463186
2014-09-23 ,75.41,-0.0040940306,-0.0041024341
2014-09-24 ,74.22,-0.0157804005,-0.0159062366
2014-09-25 ,72.6,-0.0218270008,-0.0220687338
2014-09-26 ,72.4,-0.0027548209,-0.0027586224
2014-09-29 ,71.53,-0.0120165746,-0.0120893573
2014-09-30 ,71.224,-0.0042779253,-0.0042871018
2014-10-01 ,71.6,0.0052791194,0.0052652337
2014-10-02 ,72.35,0.0104748603,0.0104203791
2014-10-03 ,75.85,0.0483759502,0.0472422527
2014-10-06 ,74.97,-0.0116018457,-0.0116696723
2014-10-07 ,76.7,0.023075897,0.0228136749
2014-10-08 ,76.29,-0.005345502,-0.0053598403
2014-10-09 ,76.13,-0.0020972605,-0.0020994628
2014-10-10 ,73.82,-0.0303428346,-0.0308127077
2014-10-13 ,72.225,-0.0216066107,-0.0218434512
2014-10-14 ,72.19,-0.0004845967,-0.0004847142
2014-10-15 ,70.875,-0.0182158194,-0.0183837701
2014-10-16 ,70.81,-0.0009171076,-0.0009175284
2014-10-17 ,72.8,0.0281033752,0.0277157215
2014-10-20 ,71.87,-0.0127747253,-0.0128570237
2014-10-21 ,74.2,0.0324196466,0.0319052187
2014-10-22 ,75.96,0.0237196765,0.0234427358
2014-10-23 ,76.24,0.0036861506,0.0036793734
2014-10-24 ,75.34,-0.0118048269,-0.0118750571
2014-10-27 ,75.268,-0.0009556676,-0.0009561246
2014-10-28 ,77.19,0.0255354201,0.0252148373
2014-10-29 ,75.95,-0.016064257,-0.0161946859
2014-10-30 ,76.96,0.0132982225,0.0132105773
2014-10-31 ,79.26,0.0298856549,0.0294477814
2014-11-03 ,78.731,-0.0066742367,-0.006696609
2014-11-04 ,71.7,-0.0893040861,-0.0935462311
2014-11-05 ,73.08,0.0192468619,0.0190639839
2014-11-06 ,72.815,-0.0036261631,-0.0036327536
2014-11-07 ,71.5,-0.0180594658,-0.0182245282
2014-11-10 ,70,-0.020979021,-0.0212022077
2014-11-11 ,68.75,-0.0178571429,-0.0180185055
2014-11-12 ,69.8,0.0152727273,0.0151572732
2014-11-13 ,71.53,0.0247851003,0.0244829324
2014-11-14 ,71.71,0.0025164267,0.0025132658
2014-11-17 ,72.7,0.0138056059,0.0137111766
2014-11-18 ,73.12,0.0057771664,0.0057605426
2014-11-19 ,72.22,-0.0123085339,-0.0123849113
2014-11-20 ,73.81,0.022016062,0.0217772079
2014-11-21 ,74.29,0.0065031839,0.0064821294
2014-11-24 ,74.68,0.0052496971,0.0052359655
2014-11-25 ,76.59,0.02557579,0.0252542012
2014-11-26 ,76.76,0.0022196109,0.0022171512
2014-11-28 ,75.725,-0.0134835852,-0.0135753142
2014-12-01 ,74.14,-0.0209310003,-0.0211531592
2014-12-02 ,74.275,0.0018208794,0.0018192236
2014-12-03 ,75.39,0.0150117805,0.0149002189
2014-12-04 ,76.7,0.0173763099,0.0172270681
2014-12-05 ,76.72,0.0002607562,0.0002607222
2014-12-08 ,77.58,0.0112095933,0.0111472314
2014-12-09 ,75.28,-0.0296468162,-0.0300951667
2014-12-10 ,76.07,0.0104941552,0.0104394737
2014-12-11 ,76.84,0.0101222558,0.0100713689
2014-12-12 ,77.825,0.0128188444,0.0127373784
2014-12-15 ,78.41,0.0075168648,0.0074887539
2014-12-16 ,76.8,-0.0205330953,-0.0207468301
2014-12-17 ,76.22,-0.0075520833,-0.0075807447
2014-12-18 ,74.71,-0.0198110732,-0.0200099435
2014-12-19 ,73.71,-0.013385089,-0.0134754768
2014-12-22 ,74.095,0.0052231719,0.0052095784
2014-12-23 ,74.88,0.0105945071,0.0105387785
2014-12-24 ,75.96,0.0144230769,0.0143200538
2014-12-26 ,75.7,-0.0034228541,-0.0034287255
2014-12-29 ,75.41,-0.0038309115,-0.0038382682
2014-12-30 ,75.78,0.0049065111,0.0048945134
2014-12-31 ,75.41,-0.0048825548,-0.0048945134
2015-01-02 ,75.48,0.0009282589,0.0009278283
2015-01-05 ,73.65,-0.0242448331,-0.0245435776
2015-01-06 ,68.17,-0.0744059742,-0.0773195575
2015-01-07 ,67.98,-0.0027871498,-0.0027910411
2015-01-08 ,69.28,0.0191232716,0.01894272
2015-01-09 ,69.05,-0.0033198614,-0.0033253844
2015-01-12 ,69.3,0.0036205648,0.0036140263
2015-01-13 ,70.17,0.0125541126,0.0124759631
2015-01-14 ,66.42,-0.0534416417,-0.0549226533
2015-01-15 ,66.8,0.0057211683,0.0057048646
2015-01-16 ,66.51,-0.0043413174,-0.0043507682
2015-01-20 ,67,0.0073673132,0.0073403071
2015-01-21 ,68.88,0.0280597015,0.0276732407
2015-01-22 ,68.88,0,0
2015-01-23 ,69.04,0.0023228804,0.0023201867
2015-01-26 ,69.53,0.0070973349,0.0070722673
2015-01-27 ,69.771,0.0034661297,0.0034601365
2015-01-28 ,70.883,0.0159378538,0.0158121798
2015-01-29 ,71.65,0.0108206481,0.0107625238
2015-01-30 ,70.52,-0.0157711096,-0.0158967967
2015-02-02 ,70.66,0.0019852524,0.0019832844
2015-02-03 ,71.27,0.0086328899,0.0085958396
2015-02-04 ,71.28,0.0001403115,0.0001403016
2015-02-05 ,68.64,-0.037037037,-0.037740328
2015-02-06 ,71.137,0.0363782051,0.0357321401
2015-02-09 ,71.99,0.011990947,0.0119196252
2015-02-10 ,71.13,-0.0119461036,-0.0120180317
2015-02-11 ,70.86,-0.0037958667,-0.0038030893
2015-02-12 ,71.64,0.0110076207,0.0109474778
2015-02-13 ,72.88,0.0173087661,0.0171606758
2015-02-17 ,73.15,0.0037047201,0.0036978745
2015-02-18 ,70.96,-0.0299384826,-0.0303957895
2015-02-19 ,70.44,-0.0073280722,-0.0073550544
2015-02-20 ,68.92,-0.0215786485,-0.021814872
2015-02-23 ,70.44,0.022054556,0.021814872
2015-02-24 ,69.74,-0.0099375355,-0.0099872424
2015-02-25 ,68.77,-0.0139088041,-0.0140064379
2015-02-26 ,68.784,0.0002035771,0.0002035564
2015-02-27 ,67.97,-0.0118341475,-0.0119047284
2015-03-02 ,68.16,0.0027953509,0.0027914512
2015-03-03 ,67.6,-0.0082159624,-0.0082498995
2015-03-04 ,68.08,0.0071005917,0.0070755012
2015-03-05 ,66.706,-0.0201821387,-0.0203885804
2015-03-06 ,66.895,0.0028333283,0.002829322
2015-03-09 ,63.45,-0.0514986172,-0.0528720318
2015-03-10 ,64.239,0.0124349882,0.0123583087
2015-03-11 ,64.833,0.0092467193,0.0092042301
2015-03-12 ,64.596,-0.0036555458,-0.0036622436
2015-03-13 ,65.78,0.0183293083,0.0181633514
2015-03-16 ,64.519,-0.0191699605,-0.0193560867
2015-03-17 ,64.56,0.0006354717,0.0006352699
2015-03-18 ,65.22,0.0102230483,0.0101711464
2015-03-19 ,66.5,0.0196258816,0.0194357773
2015-03-20 ,66.66,0.002406015,0.0024031252
2015-03-23 ,67.24,0.0087008701,0.0086632357
2015-03-24 ,67.44,0.00297442,0.0029700052
2015-03-25 ,68.4,0.0142348754,0.0141345109
2015-03-26 ,67.45,-0.0138888889,-0.013986242
2015-03-27 ,66.841,-0.0090289103,-0.0090699179
2015-03-30 ,66.42,-0.0062985293,-0.0063184488
2015-03-31 ,66.3,-0.0018066847,-0.0018083188
2015-04-01 ,63.99,-0.034841629,-0.035463076
2015-04-02 ,64.62,0.0098452883,0.0097971392
2015-04-06 ,63.47,-0.0177963479,-0.0179566071
2015-04-07 ,64.26,0.0124468253,0.0123700004
2015-04-08 ,65.08,0.0127606598,0.0126799287
2015-04-09 ,65.634,0.0085125999,0.008476572
2015-04-10 ,64.64,-0.0151445897,-0.0152604402
2015-04-13 ,64.65,0.000154703,0.000154691
2015-04-14 ,63.418,-0.0190564578,-0.0192403724
2015-04-15 ,63.23,-0.002964458,-0.0029688607
2015-04-16 ,63.46,0.0036375138,0.0036309141
2015-04-17 ,63.428,-0.0005042546,-0.0005043818
2015-04-20 ,61.941,-0.0234439049,-0.0237230853
2015-04-21 ,62.29,0.005634394,0.0056185802
2015-04-22 ,61.94,-0.0056188794,-0.0056347247
2015-04-23 ,62.48,0.0087181143,0.008680331
2015-04-24 ,63.49,0.0161651729,0.0160359077
2015-04-27 ,63.88,0.0061426996,0.0061239102
2015-04-28 ,62.84,-0.016280526,-0.01641451
2015-04-29 ,61.49,-0.0214831318,-0.0217172534
2015-04-30 ,61.75,0.0042283298,0.0042194155
2015-05-01 ,62.01,0.0042105263,0.0042016869
2015-05-04 ,62.318,0.0049669408,0.0049546463
2015-05-05 ,62.52,0.0032414391,0.0032361969
2015-05-06 ,62.16,-0.0057581574,-0.0057747995
2015-05-07 ,62.07,-0.0014478764,-0.0014489256
2015-05-08 ,62.55,0.0077332044,0.0077034565
2015-05-11 ,62.98,0.0068745004,0.0068509788
2015-05-12 ,61.97,-0.0160368371,-0.0161668187
2015-05-13 ,61.45,-0.008391157,-0.008426561
2015-05-14 ,60.65,-0.0130187144,-0.0131042006
2015-05-15 ,60.97,0.0052761748,0.0052623045
2015-05-18 ,61.94,0.0159094637,0.0157842346
2015-05-19 ,60.88,-0.0171133355,-0.017261461
2015-05-20 ,60.17,-0.0116622865,-0.0117308243
2015-05-21 ,60.725,0.0092238657,0.0091815857
2015-05-22 ,61.69,0.0158913133,0.0157663683
2015-05-26 ,60.038,-0.0267790566,-0.0271441481
2015-05-27 ,47.78,-0.2041706919,-0.2283705532
2015-05-28 ,46.35,-0.0299288405,-0.0303858499
2015-05-29 ,45.981,-0.007961165,-0.0079930243
2015-06-01 ,46.72,0.0160718558,0.0159440708
2015-06-02 ,48.615,0.0405607877,0.0397597867
2015-06-03 ,48.815,0.0041139566,0.0041055174
2015-06-04 ,48.659,-0.003195739,-0.0032008563
2015-06-05 ,49.38,0.0148174027,0.0147086975
2015-06-08 ,49.05,-0.0066828676,-0.0067052979
2015-06-09 ,48.293,-0.0154332314,-0.0155535634
2015-06-10 ,48.987,0.0143706127,0.0142683342
2015-06-11 ,48.2,-0.0160654868,-0.0161959357
2015-06-12 ,48.1,-0.0020746888,-0.0020768439
2015-06-15 ,47.45,-0.0135135135,-0.0136056521
2015-06-16 ,46.933,-0.0108956797,-0.0109554723
2015-06-17 ,46.671,-0.005582426,-0.005598066
2015-06-18 ,46.51,-0.0034496797,-0.0034556435
2015-06-19 ,46.8,0.0062352182,0.0062158597
2015-06-22 ,46.87,0.0014957265,0.001494609
2015-06-23 ,47.5,0.0134414338,0.0133518991
2015-06-24 ,46.91,-0.0124210526,-0.0124988387
2015-06-25 ,45.925,-0.0209976551,-0.0212212412
2015-06-26 ,45.14,-0.0170930866,-0.0172408597
2015-06-29 ,44.224,-0.0202924236,-0.0205011432
2015-06-30 ,41.8,-0.0548118669,-0.0563712886
2015-07-01 ,43.1,0.0311004785,0.0306266576
2015-07-02 ,43.23,0.0030162413,0.0030117016
2015-07-06 ,41.8,-0.0330788804,-0.0336383591
2015-07-07 ,41.52,-0.0066985646,-0.0067211007
2015-07-08 ,41.91,0.0093930636,0.0093492231
2015-07-09 ,42.31,0.0095442615,0.0094990028
2015-07-10 ,42.3,-0.0002363507,-0.0002363787
2015-07-13 ,43.81,0.0356973995,0.0350750158
2015-07-14 ,43.63,-0.004108651,-0.0041171147
2015-07-15 ,42.98,-0.014898006,-0.0150100959
2015-07-16 ,41.59,-0.0323406235,-0.0328751375
2015-07-17 ,41.43,-0.0038470786,-0.0038544977
2015-07-20 ,40.2,-0.0296886314,-0.0301382605
2015-07-21 ,40.49,0.0072139303,0.0071880344
2015-07-22 ,40.77,0.0069152877,0.0068914868
2015-07-23 ,40.12,-0.0159430954,-0.0160715537
2015-07-24 ,39.21,-0.0226819541,-0.0229431468
2015-07-27 ,39.63,0.0107115532,0.0106545909
2015-07-28 ,39.12,-0.0128690386,-0.012952562
2015-07-29 ,39.3,0.004601227,0.0045906737
2015-07-30 ,40.55,0.0318066158,0.0313112617
2015-07-31 ,41.64,0.0268803946,0.0265254632
2015-08-03 ,39.06,-0.0619596542,-0.0639623183
2015-08-04 ,38.83,-0.0058883769,-0.0059057817
2015-08-05 ,39.995,0.0300025753,0.0295613026
2015-08-06 ,43.9,0.0976372047,0.0931598738
2015-08-07 ,43.87,-0.0006833713,-0.0006836049
2015-08-10 ,45.01,0.0259858673,0.0256539721
2015-08-11 ,45.7,0.0153299267,0.0152136106
2015-08-12 ,43.7,-0.0437636761,-0.0447501958
2015-08-13 ,44.35,0.0148741419,0.0147646067
2015-08-14 ,43.848,-0.011319053,-0.011383601
2015-08-17 ,43.525,-0.0073663565,-0.0073936221
2015-08-18 ,42.22,-0.0299827685,-0.0304414432
2015-08-19 ,43.04,0.0194220748,0.0192358734
2015-08-20 ,42.82,-0.0051115242,-0.0051246327
2015-08-21 ,40.968,-0.0432508174,-0.044214009
2015-08-24 ,38.18,-0.0680531146,-0.0704794559
2015-08-25 ,40.1,0.050288109,0.049064516
2015-08-26 ,40.01,-0.002244389,-0.0022469114
2015-08-27 ,42.72,0.0677330667,0.0655377718
2015-08-28 ,43.65,0.0217696629,0.0215360876
2015-08-31 ,43.18,-0.0107674685,-0.0108258572
2015-09-01 ,42.93,-0.0057897175,-0.0058065429
2015-09-02 ,43.265,0.0078034009,0.0077731118
2015-09-03 ,44.94,0.0387148966,0.0379842727
2015-09-04 ,43.88,-0.0235870049,-0.0238696314
2015-09-08 ,44.48,0.0136736554,0.0135810145
2015-09-09 ,44.97,0.0110161871,0.0109559508
2015-09-10 ,43.47,-0.0333555704,-0.0339245558
2015-09-11 ,43.33,-0.0032206119,-0.0032258092
2015-09-14 ,43.03,-0.0069236095,-0.0069476889
2015-09-15 ,43.41,0.0088310481,0.0087922825
2015-09-16 ,44.76,0.0310988252,0.0306250541
2015-09-17 ,44.19,-0.0127345845,-0.0128163643
2015-09-18 ,43.78,-0.0092781172,-0.009321427
2015-09-21 ,43.97,0.0043398812,0.0043304911
2015-09-22 ,43.036,-0.0212417557,-0.0214706085
2015-09-23 ,42.89,-0.0033925086,-0.0033982762
2015-09-24 ,41.739,-0.0268360923,-0.027202755
2015-09-25 ,42.68,0.0225448621,0.0222944829
2015-09-28 ,40.96,-0.0402999063,-0.0411344457
2015-09-29 ,41.03,0.0017089844,0.0017075257
2015-09-30 ,42.1,0.0260784792,0.0257442342
2015-10-01 ,42.05,-0.0011876485,-0.0011883543
2015-10-02 ,41.24,-0.0192627824,-0.0194507273
2015-10-05 ,43.76,0.0611057226,0.059311499
2015-10-06 ,43.624,-0.0031078611,-0.0031127005
2015-10-07 ,43.535,-0.0020401614,-0.0020422453
2015-10-08 ,42.99,-0.0125186631,-0.0125976818
2015-10-09 ,41.985,-0.0233775297,-0.0236551189
2015-10-12 ,41.92,-0.001548172,-0.0015493716
2015-10-13 ,41.97,0.0011927481,0.0011920373
2015-10-14 ,41.93,-0.0009530617,-0.0009535162
2015-10-15 ,41.12,-0.0193179108,-0.01950694
2015-10-16 ,40.42,-0.0170233463,-0.0171699092
2015-10-19 ,39.44,-0.0242454231,-0.0245441822
2015-10-20 ,40.08,0.0162271805,0.016096927
2015-10-21 ,39.83,-0.006237525,-0.0062570596
2015-10-22 ,39.82,-0.000251067,-0.0002510986
2015-10-23 ,39.06,-0.0190858865,-0.0192703732
2015-10-26 ,39.06,0,0
2015-10-27 ,39.05,-0.0002560164,-0.0002560492
2015-10-28 ,38.93,-0.0030729834,-0.0030777147
2015-10-29 ,38.21,-0.0184947341,-0.0186679002
2015-10-30 ,38.13,-0.0020936928,-0.0020958876
2015-11-02 ,38.23,0.0026226069,0.0026191738
2015-11-03 ,39.2,0.0253727439,0.0250561991
2015-11-04 ,42.82,0.0923469388,0.0883285364
2015-11-05 ,43.32,0.0116767865,0.011609139
2015-11-06 ,43.89,0.0131578947,0.0130720816
2015-11-09 ,42.42,-0.033492823,-0.0340665546
2015-11-10 ,42.37,-0.0011786893,-0.0011793845
2015-11-11 ,41.73,-0.0151050271,-0.01522027
2015-11-12 ,41.44,-0.0069494369,-0.0069736967
2015-11-13 ,39.04,-0.0579150579,-0.0596598364
2015-11-16 ,39.62,0.0148565574,0.0147472797
2015-11-17 ,39.3,-0.0080767289,-0.0081095224
2015-11-18 ,39.9,0.0152671756,0.015151805
2015-11-19 ,41.17,0.0318295739,0.0313335119
2015-11-20 ,41.54,0.0089871265,0.0089469827
2015-11-23 ,41.92,0.0091478093,0.0091062216
2015-11-24 ,42.01,0.0021469466,0.0021446452
2015-11-25 ,43.45,0.034277553,0.0337031665
2015-11-27 ,43.13,-0.0073647871,-0.0073920411
2015-11-30 ,43.06,-0.0016230002,-0.0016243187
2015-12-01 ,43.095,0.0008128193,0.0008124892
2015-12-02 ,43.37,0.0063812507,0.0063609767
2015-12-03 ,42.19,-0.0272077473,-0.0275847317
2015-12-04 ,42.03,-0.0037923679,-0.0037995771
2015-12-07 ,41.815,-0.0051153938,-0.0051285222
2015-12-08 ,42.02,0.0049025469,0.0048905686
2015-12-09 ,42.86,0.0199904807,0.0197932946
2015-12-10 ,42.21,-0.0151656556,-0.0152818303
2015-12-11 ,41.1,-0.026297086,-0.0266490383
2015-12-14 ,39.84,-0.0306569343,-0.0311366888
2015-12-15 ,40.27,0.0107931727,0.0107353421
2015-12-16 ,41.205,0.0232182766,0.0229528334
2015-12-17 ,39.73,-0.0357966266,-0.0364530384
2015-12-18 ,39.64,-0.0022652907,-0.0022678604
2015-12-21 ,40.12,0.0121089808,0.0120362536
2015-12-22 ,40.02,-0.0024925224,-0.0024956339
2015-12-23 ,41.26,0.0309845077,0.0305141785
2015-12-24 ,40.98,-0.0067862336,-0.0068093648
2015-12-28 ,40.59,-0.0095168375,-0.009562412
2015-12-29 ,41.13,0.0133037694,0.0132160514
2015-12-30 ,40.66,-0.0114271821,-0.011492974
2015-12-31 ,40.28,-0.0093457944,-0.0093897403
2016-01-04 ,40,-0.0069513406,-0.0069756137
2016-01-05 ,39.843,-0.003925,-0.003932723
2016-01-06 ,40.83,0.024772231,0.0244703742
2016-01-07 ,39.43,-0.0342885133,-0.0348901574
2016-01-08 ,37.96,-0.0372812579,-0.0379939741
2016-01-11 ,37.12,-0.0221285564,-0.0223770658
2016-01-12 ,37.459,0.0091325431,0.0090910936
2016-01-13 ,37.23,-0.0061133506,-0.0061321136
2016-01-14 ,36.57,-0.017727639,-0.0178866557
2016-01-15 ,35.27,-0.0355482636,-0.0361954879
2016-01-19 ,36.27,0.0283527077,0.027958209
2016-01-20 ,35.38,-0.0245381858,-0.0248442646
2016-01-21 ,37.355,0.0558224986,0.0543200827
2016-01-22 ,38.37,0.0271717307,0.0268091328
2016-01-25 ,37.35,-0.0265832682,-0.0269429927
2016-01-26 ,37.48,0.003480589,0.0034745458
2016-01-27 ,37.96,0.0128068303,0.0127255164
2016-01-28 ,38,0.0010537408,0.001053186
2016-01-29 ,39.23,0.0323684211,0.0318556005
2016-02-01 ,40.43,0.0305888351,0.0301303234
2016-02-02 ,47.396,0.1722977987,0.1589657533
2016-02-03 ,49.78,0.0502996033,0.04907546
2016-02-04 ,51.94,0.04339092,0.0424759093
2016-02-05 ,51.97,0.0005775895,0.0005774228
2016-02-08 ,51,-0.0186646142,-0.0188409963
2016-02-09 ,50.1,-0.0176470588,-0.0178046246
2016-02-10 ,50.41,0.0061876248,0.00616856
2016-02-11 ,49.135,-0.0252926007,-0.0256179563
2016-02-12 ,48.65,-0.0098707642,-0.0099198032
2016-02-16 ,50.4,0.035971223,0.0353393664
2016-02-17 ,52,0.0317460317,0.0312525435
2016-02-18 ,53.88,0.0361538462,0.035515633
2016-02-19 ,52.96,-0.0170749814,-0.0172224399
2016-02-22 ,53.9,0.0177492447,0.0175935663
2016-02-23 ,55.29,0.0257884972,0.0254615824
2016-02-24 ,54.6,-0.0124796527,-0.0125581776
2016-02-25 ,56.07,0.0269230769,0.0265670274
2016-02-26 ,55.805,-0.0047262351,-0.004737439
2016-02-29 ,56.7,0.0160379894,0.0159107396
2016-03-01 ,57.1,0.0070546737,0.0070299059
2016-03-02 ,57.34,0.0042031524,0.0041943438
2016-03-03 ,56.94,-0.006975933,-0.0070003786
2016-03-04 ,57.36,0.0073761855,0.0073491144
2016-03-07 ,57.12,-0.0041841004,-0.0041928783
2016-03-08 ,56.54,-0.0101540616,-0.0102059658
2016-03-09 ,57,0.008135833,0.0081029156
2016-03-10 ,57.656,0.0115087719,0.0114430498
2016-03-11 ,58.08,0.0073539614,0.0073270529
2016-03-14 ,59.29,0.0208333333,0.0206192872
2016-03-15 ,56.97,-0.0391297015,-0.0399158442
2016-03-16 ,55.68,-0.0226434966,-0.0229037975
2016-03-17 ,56.67,0.0177801724,0.0176239542
2016-03-18 ,56.99,0.0056467267,0.0056308437
2016-03-21 ,57.01,0.0003509388,0.0003508772
2016-03-22 ,55.79,-0.0213997544,-0.0216320492
2016-03-23 ,56.33,0.009679154,0.009632611
2016-03-24 ,55.16,-0.0207704598,-0.0209892
2016-03-28 ,56.02,0.015591008,0.0154707169
2016-03-29 ,55.85,-0.0030346305,-0.0030392443
2016-03-30 ,56.75,0.0161145927,0.0159861308
2016-03-31 ,57.13,0.0066960352,0.0066737164
2016-04-01 ,56.23,-0.0157535445,-0.0158789504
2016-04-04 ,58.21,0.03521252,0.034606739
2016-04-05 ,56.32,-0.032468648,-0.0330074494
2016-04-06 ,55.84,-0.0085227273,-0.0085592534
2016-04-07 ,54.7,-0.0204154728,-0.020626749
2016-04-08 ,52.58,-0.0387568556,-0.0395278901
2016-04-11 ,52.24,-0.006466337,-0.0064873343
2016-04-12 ,51.06,-0.0225880551,-0.0228470732
2016-04-13 ,52.83,0.0346650999,0.0340777994
2016-04-14 ,52.32,-0.0096536059,-0.009700504
2016-04-15 ,52.06,-0.004969419,-0.0049818076
2016-04-18 ,52.835,0.0148866692,0.0147769503
2016-04-19 ,52.37,-0.0088009842,-0.0088399416
2016-04-20 ,51.75,-0.011838839,-0.0119094761
2016-04-21 ,52.12,0.0071497585,0.0071243201
2016-04-22 ,51.5,-0.0118956255,-0.0119669446
2016-04-25 ,52.1,0.0116504854,0.0115831411
2016-04-26 ,52.61,0.0097888676,0.009741267
2016-04-27 ,54.99,0.0452385478,0.0442451348
2016-04-28 ,54.58,-0.0074559011,-0.0074838352
2016-04-29 ,51.11,-0.0635764016,-0.0656873425
2016-05-02 ,51.74,0.0123263549,0.012251004
2016-05-03 ,51.67,-0.0013529184,-0.0013538345
2016-05-04 ,52.33,0.0127733695,0.0126924781
2016-05-05 ,50.56,-0.0338238104,-0.0344090705
2016-05-06 ,49.96,-0.0118670886,-0.0119380646
2016-05-09 ,50.9,0.018815052,0.0186402383
2016-05-10 ,49.78,-0.0220039293,-0.0222496266
2016-05-11 ,43.75,-0.1211329851,-0.1291216841
2016-05-12 ,43.46,-0.0066285714,-0.006650638
2016-05-13 ,41.42,-0.0469397147,-0.0480771189
2016-05-16 ,41.29,-0.0031385804,-0.0031435161
2016-05-17 ,41.99,0.0169532574,0.0168111548
2016-05-18 ,41.68,-0.0073827102,-0.0074100973
2016-05-19 ,41.14,-0.0129558541,-0.0130405132
2016-05-20 ,41.25,0.0026737968,0.0026702286
2016-05-23 ,42.31,0.0256969697,0.025372352
2016-05-24 ,41.44,-0.0205625148,-0.0207768668
2016-05-25 ,41.5,0.0014478764,0.0014468293
2016-05-26 ,41.97,0.0113253012,0.0112616501
2016-05-27 ,41.98,0.0002382654,0.000238237
2016-05-31 ,41.95,-0.000714626,-0.0007148815
2016-06-01 ,45.13,0.0758045292,0.0730687809
2016-06-02 ,47.02,0.0418790162,0.0410258293
2016-06-03 ,48.03,0.0214802212,0.0212527726
2016-06-06 ,49.12,0.0226941495,0.0224404682
2016-06-07 ,50.08,0.0195439739,0.019355443
2016-06-08 ,50.85,0.0153753994,0.0152583957
2016-06-09 ,50.025,-0.0162241888,-0.016357242
2016-06-10 ,49.958,-0.0013393303,-0.001340228
2016-06-13 ,50.01,0.0010408743,0.001040333
2016-06-14 ,49.5,-0.0101979604,-0.0102503159
2016-06-15 ,50.41,0.0183838384,0.0182168985
2016-06-16 ,49.06,-0.0267804007,-0.0271455293
2016-06-17 ,49.766,0.0143905422,0.0142879811
2016-06-20 ,50.94,0.0235904031,0.0233164496
2016-06-21 ,50.16,-0.0153121319,-0.0154305732
2016-06-22 ,51.12,0.019138756,0.0189579137
2016-06-23 ,50.86,-0.005086072,-0.0050990501
2016-06-24 ,48.88,-0.0389303972,-0.0397084451
2016-06-27 ,45.88,-0.0613747954,-0.0633390226
2016-06-28 ,46.88,0.0217959895,0.021561853
2016-06-29 ,48.49,0.0343430034,0.0337664458
2016-06-30 ,48.27,-0.0045370179,-0.0045473414
2016-07-01 ,49.86,0.0329397141,0.0324088284
2016-07-05 ,48.88,-0.0196550341,-0.0198507632
2016-07-06 ,48.15,-0.0149345336,-0.0150471766
2016-07-07 ,49.8,0.0342679128,0.0336938458
2016-07-08 ,50.08,0.00562249,0.0056067428
2016-07-11 ,50.81,0.0145766773,0.0144714588
2016-07-12 ,51.8,0.0194843535,0.0192969637
2016-07-13 ,51.53,-0.0052123552,-0.0052259869
2016-07-14 ,51.79,0.0050456045,0.0050329181
2016-07-15 ,51.644,-0.002819077,-0.0028230581
2016-07-18 ,52.63,0.0190922469,0.0189122771
2016-07-19 ,50.864,-0.0335550067,-0.0341308952
2016-07-20 ,50.98,0.0022805914,0.0022779948
2016-07-21 ,52.01,0.0202040016,0.0200026088
2016-07-22 ,50.575,-0.0275908479,-0.0279786247
2016-07-25 ,51.45,0.0173010381,0.0171530792
2016-07-26 ,52.47,0.0198250729,0.0196311154
2016-07-27 ,52.27,-0.0038117019,-0.003818985
2016-07-28 ,51.89,-0.0072699445,-0.0072964993
2016-07-29 ,51.31,-0.0111774908,-0.0112404284
2016-08-01 ,52.46,0.022412785,0.0221653095
2016-08-02 ,51.6,-0.0163934426,-0.016529302
2016-08-03 ,48.005,-0.0696705426,-0.0722165003
2016-08-04 ,50.44,0.0507238829,0.0494793389
2016-08-05 ,50.11,-0.0065424266,-0.0065639221
2016-08-08 ,50.54,0.0085811215,0.008544513
2016-08-09 ,50.35,-0.0037593985,-0.0037664828
2016-08-10 ,49.55,-0.0158887786,-0.0160163584
2016-08-11 ,48.591,-0.0193541877,-0.0195439322
2016-08-12 ,49.08,0.010063592,0.0100132913
2016-08-15 ,49.78,0.0142624287,0.0141616771
2016-08-16 ,50.41,0.012655685,0.0125762712
2016-08-17 ,49.76,-0.012894267,-0.0129781197
2016-08-18 ,49.08,-0.0136655949,-0.0137598286
2016-08-19 ,50.18,0.0224123879,0.0221649211
2016-08-22 ,50.015,-0.0032881626,-0.0032935805
2016-08-23 ,50.64,0.0124962511,0.0124188174
2016-08-24 ,50.255,-0.0076026856,-0.0076317334
2016-08-25 ,50.5,0.0048751368,0.0048632918
2016-08-26 ,50.555,0.0010891089,0.0010885163
2016-08-29 ,50.13,-0.0084066858,-0.0084422213
2016-08-30 ,49.78,-0.0069818472,-0.0070063343
2016-08-31 ,49.09,-0.0138609883,-0.0139579489
2016-09-01 ,49.02,-0.0014259523,-0.00142697
2016-09-02 ,49.93,0.0185638515,0.0183936464
2016-09-06 ,48.57,-0.0272381334,-0.0276159682
2016-09-07 ,49.38,0.0166769611,0.0165394276
2016-09-08 ,49.585,0.0041514783,0.0041428847
2016-09-09 ,48.49,-0.0220832913,-0.0223307775
2016-09-12 ,48.13,-0.0074242112,-0.0074519078
2016-09-13 ,47.72,-0.0085185955,-0.0085550861
2016-09-14 ,47.49,-0.0048197821,-0.0048314347
2016-09-15 ,47.23,-0.0054748368,-0.0054898787
2016-09-16 ,47.4,0.0035994072,0.0035929448
2016-09-19 ,49.21,0.038185654,0.0374746262
2016-09-20 ,49.18,-0.0006096322,-0.0006098181
2016-09-21 ,49.42,0.0048800325,0.0048681638
2016-09-22 ,50.055,0.012849049,0.0127672003
2016-09-23 ,50.39,0.0066926381,0.0066703418
2016-09-26 ,49.26,-0.0224250843,-0.02268035
2016-09-27 ,47.97,-0.0261875761,-0.0265365772
2016-09-28 ,48.08,0.0022930999,0.0022904747
2016-09-29 ,48.06,-0.0004159734,-0.0004160599
2016-09-30 ,46.68,-0.0287141074,-0.0291344229
2016-10-03 ,46.67,-0.0002142245,-0.0002142475
2016-10-04 ,46.47,-0.0042854082,-0.0042946169
2016-10-05 ,47.3,0.0178609856,0.0177033524
2016-10-06 ,47.15,-0.0031712474,-0.0031762864
2016-10-07 ,47.46,0.0065747614,0.0065532419
2016-10-10 ,47.08,-0.0080067425,-0.0080389686
2016-10-11 ,46.205,-0.0185853866,-0.0187602651
2016-10-12 ,46.54,0.0072502976,0.0072241405
2016-10-13 ,45.58,-0.0206274173,-0.0208431341
2016-10-14 ,47.055,0.0323606845,0.0318481065
2016-10-17 ,46.76,-0.0062692594,-0.0062889937
2016-10-18 ,46.87,0.002352438,0.0023496753
2016-10-19 ,50.03,0.0674205249,0.0652450136
2016-10-20 ,49.37,-0.0131920847,-0.0132798732
2016-10-21 ,48.71,-0.0133684424,-0.0134586045
2016-10-24 ,48.94,0.004721823,0.0047107102
2016-10-25 ,48.63,-0.0063342869,-0.0063544336
2016-10-26 ,48.66,0.0006169031,0.0006167129
2016-10-27 ,48.425,-0.0048294287,-0.0048411281
2016-10-28 ,48.43,0.0001032525,0.0001032471
2016-10-31 ,50.52,0.0431550692,0.0422498411
2016-11-01 ,52,0.0292953286,0.0288744211
2016-11-02 ,50.66,-0.0257692308,-0.026107074
2016-11-03 ,49.06,-0.031583103,-0.0320926057
2016-11-04 ,49.1,0.0008153282,0.000814996
2016-11-07 ,51.56,0.050101833,0.0488871433
2016-11-08 ,50.04,-0.0294802172,-0.0299234925
2016-11-09 ,49.25,-0.0157873701,-0.015913318
2016-11-10 ,51.9,0.0538071066,0.0524094226
2016-11-11 ,46.96,-0.0951830443,-0.1000226147
2016-11-14 ,47.92,0.0204429302,0.0202367783
2016-11-15 ,46.77,-0.0239983306,-0.0242909821
2016-11-16 ,47.47,0.0149668591,0.0148559608
2016-11-17 ,48.17,0.0147461555,0.0146384881
2016-11-18 ,48.1,-0.0014531866,-0.0014542435
2016-11-21 ,47.75,-0.0072765073,-0.0073031102
2016-11-22 ,49.56,0.0379057592,0.0372049898
2016-11-23 ,48.515,-0.0210855529,-0.0213110283
2016-11-25 ,49.315,0.0164897454,0.0163552659
2016-11-28 ,48.07,-0.0252458684,-0.0255700125
2016-11-29 ,48.02,-0.0010401498,-0.0010406911
2016-11-30 ,47.25,-0.0160349854,-0.0161649369
2016-12-01 ,46.85,-0.0084656085,-0.0085016453
2016-12-02 ,46.44,-0.008751334,-0.0087898519
2016-12-05 ,47.15,0.0152885444,0.0151728522
2016-12-06 ,48.33,0.0250265111,0.0247184768
2016-12-07 ,48.32,-0.0002069108,-0.0002069322
2016-12-08 ,50.25,0.039942053,0.0391649933
2016-12-09 ,50.43,0.0035820896,0.0035756891
2016-12-12 ,48.18,-0.0446162998,-0.0456422389
2016-12-13 ,48.13,-0.001037775,-0.0010383139
2016-12-14 ,47.67,-0.0095574486,-0.0096034141
2016-12-15 ,46.64,-0.0216068806,-0.0218437272
2016-12-16 ,46.02,-0.0132933105,-0.0133824574
2016-12-19 ,45.26,-0.0165145589,-0.0166524444
2016-12-20 ,43.983,-0.0282147592,-0.0286204446
2016-12-21 ,43.85,-0.0030238956,-0.0030284768
2016-12-22 ,43.485,-0.0083238312,-0.0083586678
2016-12-23 ,43.5,0.0003449465,0.0003448871
2016-12-27 ,43.37,-0.0029885057,-0.0029929802
2016-12-28 ,42.22,-0.0265160249,-0.0268739154
2016-12-29 ,42.84,0.0146849834,0.0145782032
2016-12-30 ,42.8,-0.0009337068,-0.000934143
2017-01-03 ,43.06,0.0060747664,0.0060563893
2017-01-04 ,43.5,0.0102183,0.0101664462
2017-01-05 ,41.53,-0.0452873563,-0.0463448805
2017-01-06 ,42.69,0.0279316157,0.0275486431
2017-01-09 ,42.39,-0.0070274069,-0.0070522154
2017-01-10 ,43.05,0.0155697098,0.0154497455
2017-01-11 ,43.03,-0.0004645761,-0.000464684
2017-01-12 ,42.775,-0.0059260981,-0.0059437271
2017-01-13 ,42.39,-0.0090005845,-0.0090413344
2017-01-17 ,43.64,0.0294880868,0.0290616756
2017-01-18 ,42.57,-0.0245187901,-0.0248243811
2017-01-19 ,42.76,0.004463237,0.0044533063
2017-01-20 ,41.75,-0.0236202058,-0.0239036349
2017-01-23 ,42.52,0.0184431138,0.0182751022
2017-01-24 ,42.45,-0.0016462841,-0.0016476407
2017-01-25 ,43.32,0.0204946996,0.0202875094
2017-01-26 ,41.98,-0.0309325946,-0.0314211077
2017-01-27 ,42.05,0.0016674607,0.001666072
2017-01-30 ,41.57,-0.0114149822,-0.0114806332
2017-01-31 ,42.21,0.0153957181,0.0152784065
2017-02-01 ,41.57,-0.0151622838,-0.0152784065
2017-02-02 ,41.14,-0.0103439981,-0.010397869
2017-02-03 ,41.11,-0.0007292173,-0.0007294833
2017-02-06 ,41.07,-0.0009729993,-0.0009734729
2017-02-07 ,35.34,-0.1395178963,-0.1502624611
2017-02-08 ,38.14,0.0792303339,0.0762481333
2017-02-09 ,38.74,0.0157315155,0.0156090578
2017-02-10 ,38.49,-0.0064532783,-0.0064741907
2017-02-13 ,37.94,-0.0142894258,-0.0143925028
2017-02-14 ,38.07,0.0034264628,0.0034206059
2017-02-15 ,38.28,0.0055161545,0.0055009962
2017-02-16 ,38.46,0.0047021944,0.0046911736
2017-02-17 ,38.13,-0.0085803432,-0.0086173663
2017-02-21 ,38.755,0.0163912929,0.0162584059
2017-02-22 ,38.01,-0.019223326,-0.0194104967
2017-02-23 ,38.14,0.0034201526,0.0034143172
2017-02-24 ,37.14,-0.0262191924,-0.0265690442
2017-02-27 ,37.76,0.0166935918,0.0165557854
2017-02-28 ,36.91,-0.0225105932,-0.0227678242
2017-03-01 ,36.89,-0.0005418586,-0.0005420054
2017-03-02 ,36.97,0.0021686094,0.0021662613
2017-03-03 ,36.9,-0.0018934271,-0.0018952219
2017-03-06 ,36.72,-0.0048780488,-0.0048899853
2017-03-07 ,36.13,-0.0160675381,-0.0161980206
2017-03-08 ,36.42,0.0080265707,0.0079945291
2017-03-09 ,36.5,0.0021965953,0.0021941863
2017-03-10 ,36.94,0.0120547945,0.0119827142
2017-03-13 ,37.12,0.0048727666,0.0048609331
2017-03-14 ,37.68,0.0150862069,0.0149735418
2017-03-15 ,37.41,-0.0071656051,-0.0071914013
2017-03-16 ,37.72,0.0082865544,0.0082524094
2017-03-17 ,37.75,0.000795334,0.0007950179
2017-03-20 ,37.29,-0.0121854305,-0.0122602815
2017-03-21 ,36.57,-0.0193081255,-0.019496962
2017-03-22 ,36.16,-0.0112113754,-0.0112746966
2017-03-23 ,37.01,0.0235066372,0.0232346109
2017-03-24 ,37.55,0.0145906512,0.0144852318
2017-03-27 ,37.8,0.0066577896,0.0066357244
2017-03-28 ,37.74,-0.0015873016,-0.0015885627
2017-03-29 ,38.45,0.0188129306,0.018638156
2017-03-30 ,38.31,-0.0036410923,-0.0036477372
2017-03-31 ,38.07,-0.0062646829,-0.0062843883
2017-04-03 ,37.95,-0.0031520883,-0.0031570666
2017-04-04 ,36.76,-0.0313570487,-0.0318592064
2017-04-05 ,36.895,0.0036724701,0.003665743
2017-04-06 ,37.41,0.013958531,0.0138620078
2017-04-07 ,37.44,0.0008019246,0.0008016032
2017-04-10 ,37.58,0.0037393162,0.0037323424
2017-04-11 ,37.37,-0.0055880788,-0.0056037505
2017-04-12 ,37.755,0.0103023816,0.0102496738
2017-04-13 ,37.63,-0.0033108198,-0.0033163127
2017-04-17 ,37.305,-0.008636726,-0.0086742387
2017-04-18 ,36.88,-0.0113925747,-0.0114579672
2017-04-19 ,36.991,0.0030097614,0.0030052411
2017-04-20 ,37.41,0.0113270796,0.0112634085
2017-04-21 ,36.96,-0.0120288693,-0.0121018016
2017-04-24 ,36.86,-0.0027056277,-0.0027092945
2017-04-25 ,37.47,0.0165491047,0.0164136606
2017-04-26 ,38.13,0.0176140913,0.0174607611
2017-04-27 ,37.71,-0.0110149489,-0.0110760626
2017-04-28 ,37.585,-0.0033147706,-0.0033202766
2017-05-01 ,36.81,-0.0206199282,-0.0208354872
2017-05-02 ,37.73,0.0249932084,0.0246859866
2017-05-03 ,37.56,-0.0045056984,-0.0045158796
2017-05-04 ,37.25,-0.0082534611,-0.0082877095
2017-05-05 ,37.47,0.0059060403,0.005888668
2017-05-08 ,38.32,0.0226848145,0.0224313403
2017-05-09 ,38.6,0.0073068894,0.0072803234
2017-05-10 ,38.26,-0.0088082902,-0.0088473125
2017-05-11 ,36.74,-0.0397281756,-0.0405388842
2017-05-12 ,37.05,0.0084376701,0.008402272
2017-05-15 ,36.775,-0.0074224022,-0.0074500853
2017-05-16 ,35.76,-0.0276002719,-0.0279883162
2017-05-17 ,35.98,0.0061521253,0.0061332782
2017-05-18 ,35.565,-0.0115341857,-0.0116012203
2017-05-19 ,36.34,0.0217910867,0.0215570548
2017-05-22 ,36.7,0.0099064392,0.0098576921
2017-05-23 ,36.92,0.0059945504,0.0059766546
2017-05-24 ,36.54,-0.0102925244,-0.0103458587
2017-05-25 ,36.975,0.0119047619,0.0118344576
2017-05-26 ,36.09,-0.0239350913,-0.0242261899
2017-05-30 ,36.775,0.018980327,0.0188024478
2017-05-31 ,33.2,-0.0972127804,-0.1022683906
2017-06-01 ,32.57,-0.0189759036,-0.0191582566
2017-06-02 ,33.117,0.0167945963,0.0166551264
2017-06-05 ,33.69,0.0173022919,0.0171543117
2017-06-06 ,35.18,0.0442267735,0.0432766819
2017-06-07 ,34.64,-0.0153496305,-0.0154686556
2017-06-08 ,34.64,0,0
2017-06-09 ,35.375,0.0212182448,0.0209962723
2017-06-12 ,36.01,0.01795053,0.0177913217
2017-06-13 ,35,-0.0280477645,-0.0284486162
2017-06-14 ,34.4,-0.0171428571,-0.0172914971
2017-06-15 ,34.52,0.0034883721,0.0034823018
2017-06-16 ,34,-0.0150637312,-0.0151783416
2017-06-19 ,34.7,0.0205882353,0.0203791623
2017-06-20 ,34.655,-0.00129683,-0.0012976716
2017-06-21 ,34.53,-0.0036069831,-0.003613504
2017-06-22 ,34.64,0.0031856357,0.0031805723
2017-06-23 ,35.07,0.0124133949,0.0123369805
2017-06-26 ,35.62,0.0156829199,0.0155612137
2017-06-27 ,35.67,0.0014037058,0.0014027215
2017-06-28 ,36.17,0.0140173816,0.0139200466
2017-06-29 ,35.76,-0.0113353608,-0.0114000957
2017-06-30 ,35.865,0.0029362416,0.0029319393
2017-07-03 ,36.31,0.0124076398,0.0123312958
2017-07-05 ,36.37,0.0016524373,0.0016510736
2017-07-06 ,35.935,-0.0119604069,-0.0120325081
2017-07-07 ,36.02,0.0023653819,0.0023625888
2017-07-10 ,35.48,-0.0149916713,-0.0151051823
2017-07-11 ,33.66,-0.0512965051,-0.0526589687
2017-07-12 ,33.67,0.0002970885,0.0002970444
2017-07-13 ,33.46,-0.0062370062,-0.0062565376
2017-07-14 ,33.76,0.0089659295,0.0089259742
2017-07-17 ,34.725,0.0285841232,0.0281832189
2017-07-18 ,34.39,-0.0096472282,-0.0096940642
2017-07-19 ,34.24,-0.0043617331,-0.0043712732
2017-07-20 ,34.8,0.0163551402,0.0162228355
2017-07-21 ,34.94,0.0040229885,0.0040149179
2017-07-24 ,35,0.0017172295,0.0017157568
2017-07-25 ,34.148,-0.0243428571,-0.0246440423
2017-07-26 ,35.16,0.0296357034,0.0292050537
2017-07-27 ,35.51,0.0099544937,0.0099052741
2017-07-28 ,36.49,0.0275978598,0.0272239035
2017-07-31 ,36.31,-0.0049328583,-0.004945065
2017-08-01 ,36.64,0.0090884054,0.0090473544
2017-08-02 ,36.46,-0.0049126638,-0.0049247706
2017-08-03 ,36.35,-0.0030170049,-0.0030215653
2017-08-04 ,36.79,0.0121045392,0.0120318651
2017-08-07 ,37.28,0.0133188366,0.0132309207
2017-08-08 ,44.34,0.1893776824,0.1734302144
2017-08-09 ,45.11,0.0173658097,0.0172167472
2017-08-10 ,45.02,-0.001995123,-0.0019971159
2017-08-11 ,45.49,0.0104398045,0.0103856861
2017-08-14 ,45.53,0.0008793141,0.0008789278
2017-08-15 ,44.6,-0.0204260927,-0.0206375903
2017-08-16 ,44.51,-0.0020179372,-0.002019976
2017-08-17 ,44.04,-0.0105594248,-0.0106155712
2017-08-18 ,42.15,-0.0429155313,-0.0438636274
2017-08-21 ,42.16,0.0002372479,0.0002372198
2017-08-22 ,42.05,-0.0026091082,-0.0026125178
2017-08-23 ,41.78,-0.0064209275,-0.0064416303
2017-08-24 ,42.056,0.0066060316,0.0065843074
2017-08-25 ,42.265,0.0049695644,0.0049572569
2017-08-28 ,42.15,-0.0027209275,-0.0027246359
2017-08-29 ,41.83,-0.0075919336,-0.007620899
2017-08-30 ,42.18,0.0083672006,0.0083323896
2017-08-31 ,42.33,0.0035561878,0.0035498795
2017-09-01 ,43.23,0.0212615167,0.0210386441
2017-09-05 ,42.41,-0.018968309,-0.0191505152
2017-09-06 ,42.52,0.0025937279,0.00259037
2017-09-07 ,42.46,-0.0014111007,-0.0014120972
2017-09-08 ,42.39,-0.0016486105,-0.0016499709
2017-09-11 ,42.695,0.0071950932,0.007169332
2017-09-12 ,42.46,-0.0055041574,-0.0055193611
2017-09-13 ,42.78,0.0075365049,0.0075082474
2017-09-14 ,43.64,0.0201028518,0.0199034573
2017-09-15 ,43.74,0.0022914757,0.0022888543
2017-09-18 ,44.565,0.018861454,0.0186857823
2017-09-19 ,46.4,0.0411758106,0.0403506616
2017-09-20 ,45.9,-0.0107758621,-0.0108343422
2017-09-21 ,45.867,-0.0007189542,-0.0007192128
2017-09-22 ,45.64,-0.0049490919,-0.0049613793
2017-09-25 ,46.38,0.0162138475,0.0160838068
2017-09-26 ,47.03,0.0140146615,0.0139173641
2017-09-27 ,47.605,0.0122262386,0.0121521018
2017-09-28 ,48.305,0.0147043378,0.0145972772
2017-09-29 ,47.86,-0.0092122969,-0.0092549925
2017-10-02 ,47.81,-0.0010447137,-0.0010452598
2017-10-03 ,47.68,-0.0027190964,-0.0027227999
2017-10-04 ,47.78,0.0020973154,0.0020951191
2017-10-05 ,47.47,-0.0064880703,-0.0065092093
2017-10-06 ,47.3,-0.0035812092,-0.0035876371
2017-10-09 ,47.145,-0.0032769556,-0.0032823366
2017-10-10 ,47.5,0.0075299608,0.0075017521
2017-10-11 ,46.88,-0.0130526316,-0.0131385658
2017-10-12 ,47.04,0.0034129693,0.0034071583
2017-10-13 ,47.86,0.0174319728,0.0172817789
2017-10-16 ,48.11,0.0052235687,0.0052099732
2017-10-17 ,48.79,0.0141342756,0.0140353181
2017-10-18 ,49.93,0.0233654437,0.0230966507
2017-10-19 ,49,-0.0186260765,-0.0188017264
2017-10-20 ,49.51,0.0104081633,0.0103543713
2017-10-23 ,49.76,0.005049485,0.0050367791
2017-10-24 ,49.44,-0.0064308682,-0.0064516353
2017-10-25 ,49.16,-0.0056634304,-0.0056795285
2017-10-26 ,49.79,0.012815297,0.012733876
2017-10-27 ,49,-0.0158666399,-0.0159938625
2017-10-30 ,48.94,-0.0012244898,-0.0012252401
2017-10-31 ,48.59,-0.0071516142,-0.0071773096
2017-11-01 ,48.92,0.0067915209,0.0067685624
2017-11-02 ,47.72,-0.0245298446,-0.0248357136
2017-11-03 ,47.71,-0.0002095557,-0.0002095777
2017-11-06 ,53.73,0.1261789981,0.1188304852
2017-11-07 ,54.29,0.0104224828,0.0103685432
2017-11-08 ,53.87,-0.0077362314,-0.0077663112
2017-11-09 ,54.16,0.0053833302,0.0053688919
2017-11-10 ,54.9,0.0136632201,0.0135707199
2017-11-13 ,54.39,-0.0092896175,-0.0093330351
2017-11-14 ,54.39,0,0
2017-11-15 ,54.56,0.0031255746,0.0031207001
2017-11-16 ,55.64,0.0197947214,0.0196013535
2017-11-17 ,56.2,0.0100647017,0.0100143898
2017-11-20 ,56.17,-0.0005338078,-0.0005339504
2017-11-21 ,56.43,0.0046288054,0.0046181254
2017-11-22 ,56.53,0.001772107,0.0017705387
2017-11-24 ,57.08,0.0097293472,0.0096823219
2017-11-27 ,56.915,-0.0028906797,-0.0028948658
2017-11-28 ,56.92,8.78503030836697E-05,8.78464444715732E-05
2017-11-29 ,58.085,0.0204673226,0.0202606817
2017-11-30 ,58.54,0.0078333477,0.0078028263
2017-12-01 ,58.63,0.0015374103,0.0015362297
2017-12-04 ,59.05,0.0071635681,0.0071380317
2017-12-05 ,59.7,0.0110076207,0.0109474778
2017-12-06 ,59.613,-0.0014572864,-0.0014583493
2017-12-07 ,60.078,0.007800312,0.0077700469
2017-12-08 ,61.46,0.0230034289,0.0227428387
2017-12-11 ,61.24,-0.0035795639,-0.0035859859
2017-12-12 ,61.12,-0.0019595036,-0.0019614259
2017-12-13 ,61.1,-0.0003272251,-0.0003272787
2017-12-14 ,61.61,0.0083469722,0.0083123288
2017-12-15 ,61.91,0.0048693394,0.0048575225
2017-12-18 ,62.28,0.0059764174,0.0059586294
2017-12-19 ,63.07,0.01268465,0.0126048737
2017-12-20 ,63.29,0.0034881877,0.0034821181
2017-12-21 ,63.835,0.008611155,0.0085742905
2017-12-22 ,63.57,-0.0041513276,-0.0041599683
2017-12-26 ,64.019,0.0070630801,0.0070382534
2017-12-27 ,63.99,-0.0004529905,-0.0004530931
2017-12-28 ,63.61,-0.0059384279,-0.0059561305
2017-12-29 ,63.457,-0.0024052822,-0.0024081795
2018-01-02 ,63.54,0.0013079723,0.0013071177
2018-01-03 ,64.23,0.0108593012,0.0108007624
2018-01-04 ,63.39,-0.0130780009,-0.013164271
2018-01-05 ,64.096,0.0111374034,0.0110758392
2018-01-08 ,64.019,-0.001201323,-0.0012020452
2018-01-09 ,64.269,0.0039050907,0.0038974856
2018-01-10 ,63.78,-0.0076086449,-0.0076377383
2018-01-11 ,64.075,0.0046252744,0.0046146107
2018-01-12 ,64.47,0.0061646508,0.0061457271
2018-01-16 ,64.7,0.0035675508,0.0035612022
2018-01-17 ,64.29,-0.0063369397,-0.0063571034
2018-01-18 ,64.489,0.0030953492,0.0030905685
2018-01-19 ,65.319,0.012870412,0.0127882921
2018-01-22 ,66.29,0.0148655062,0.0147560975
2018-01-23 ,66.07,-0.0033187509,-0.0033242702
2018-01-24 ,67.71,0.0248221583,0.0245190935
2018-01-25 ,67.57,-0.0020676414,-0.0020697819
2018-01-26 ,67.6,0.000443984,0.0004438855
2018-01-29 ,67.75,0.0022189349,0.0022164767
2018-01-30 ,67.78,0.0004428044,0.0004427064
2018-01-31 ,65.99,-0.0264089702,-0.0267639508
